{
  "message_serialization_time": {
    "mean": 2.1521678000681276e-05,
    "std": 3.6573284594495984e-06,
    "min": 1.9886000245605828e-05,
    "max": 9.87159996839182e-05,
    "samples": 500
  },
  "message_deserialization_time": {
    "mean": 1.3089984000544064e-05,
    "std": 1.593280280826881e-06,
    "min": 1.2403000255289953e-05,
    "max": 3.863699976136559e-05,
    "samples": 500
  },
  "message_sizes": {
    "mean": 2337.0,
    "std": 0.0,
    "min": 2337.0,
    "max": 2337.0,
    "samples": 500
  },
  "field_diffusion_time": {
    "mean": 0.47284938517000685,
    "std": 0.024263382001656928,
    "min": 0.36437362300011955,
    "max": 0.5262249259999408,
    "samples": 100
  },
  "field_decay_time": {
    "mean": 1.774415738439975,
    "std": 0.022388889443087114,
    "min": 1.7534167600001638,
    "max": 1.8318560289999368,
    "samples": 100
  },
  "pheromone_aggregation_time": {
    "mean": 1.9680029963637936e-05,
    "std": 3.4005345390869898e-06,
    "min": 1.3126999874657486e-05,
    "max": 2.8175999887025682e-05,
    "samples": 100
  },
  "pheromone_deposit_time": {
    "mean": 1.7734397002186598e-05,
    "std": 1.6590870706719826e-06,
    "min": 1.626899984330521e-05,
    "max": 4.961200011166511e-05,
    "samples": 1000
  },
  "environment_query_time": {
    "mean": 0.0003402754320022723,
    "std": 6.10030014896528e-06,
    "min": 0.0003222509999432077,
    "max": 0.0003623510001489194,
    "samples": 2000
  }
}